1698227615766,288,HTTP Request_GET,200,OK,Thread Group 1-1,text,false,"The operation lasted too long: It took 288 milliseconds, but should not have lasted longer than 90 milliseconds.",1201,137,1,1,https://jsonplaceholder.typicode.com/todos/1,286,0,248
1698227616061,145,HTTP Request_POST,201,Created,Thread Group 1-1,text,true,,1065,496,1,1,https://jsonplaceholder.typicode.com/posts,145,0,0
1698227616208,149,HTTP Request_PUT,200,OK,Thread Group 1-1,text,true,,953,242,1,1,https://jsonplaceholder.typicode.com/posts/1,149,0,0
1698227616358,146,HTTP Request_PATCH,200,OK,Thread Group 1-1,text,true,,1229,336,1,1,https://jsonplaceholder.typicode.com/posts/1,146,0,0
1698227616505,151,HTTP Request_DELETE,200,OK,Thread Group 1-1,text,false,"The operation lasted too long: It took 151 milliseconds, but should not have lasted longer than 150 milliseconds.",921,223,1,1,https://jsonplaceholder.typicode.com/posts/1,151,0,0
1698227616659,33,HTTP Request_GET,200,OK,Thread Group 1-1,text,true,,1201,137,1,1,https://jsonplaceholder.typicode.com/todos/1,33,0,0
1698227616693,153,HTTP Request_POST,201,Created,Thread Group 1-1,text,false,"The operation lasted too long: It took 153 milliseconds, but should not have lasted longer than 150 milliseconds.",1063,496,1,1,https://jsonplaceholder.typicode.com/posts,153,0,0
1698227616848,148,HTTP Request_PUT,200,OK,Thread Group 1-1,text,true,,1123,242,1,1,https://jsonplaceholder.typicode.com/posts/1,148,0,0
1698227616997,143,HTTP Request_PATCH,200,OK,Thread Group 1-1,text,true,,1211,336,1,1,https://jsonplaceholder.typicode.com/posts/1,143,0,0
1698227617141,144,HTTP Request_DELETE,200,OK,Thread Group 1-1,text,true,,1083,223,1,1,https://jsonplaceholder.typicode.com/posts/1,144,0,0
1698227617285,35,HTTP Request_GET,200,OK,Thread Group 1-1,text,true,,1201,137,1,1,https://jsonplaceholder.typicode.com/todos/1,35,0,0
1698227617320,143,HTTP Request_POST,201,Created,Thread Group 1-1,text,true,,1059,496,1,1,https://jsonplaceholder.typicode.com/posts,143,0,0
1698227617464,146,HTTP Request_PUT,200,OK,Thread Group 1-1,text,true,,1119,242,1,1,https://jsonplaceholder.typicode.com/posts/1,146,0,0
1698227617611,145,HTTP Request_PATCH,200,OK,Thread Group 1-1,text,false,"The result was the wrong size: It was 1,377 bytes, but should have been less than 1,300 bytes.",1377,336,1,1,https://jsonplaceholder.typicode.com/posts/1,145,0,0
1698227617758,143,HTTP Request_DELETE,200,OK,Thread Group 1-1,text,true,,1083,223,1,1,https://jsonplaceholder.typicode.com/posts/1,143,0,0
